recording_id,domain,previous_dataset,scan_status,raw_fill_labels,min_fill,max_fill,mean_fill,bin_0_10,bin_11_20,bin_21_30,bin_31_40,bin_41_50,bin_51_60,bin_61_70,bin_71_80,bin_81_90,bin_91_100,valid_synced_samples,qc_rejected,final_usable_samples,notes
0,normal,,raw_scan_complete,13,71,71,71.0,0,0,0,0,0,0,0,13,0,0,,,,
114,normal,,raw_scan_complete,287,73,100,91.7,0,0,0,0,0,0,0,89,0,198,,,,
118,normal,normal_v2,raw_scan_complete,115,36,100,72.2,0,0,0,6,11,17,20,20,13,28,,,,
120,normal,normal_v2,raw_scan_complete,162,6,89,55.2,5,0,27,0,9,59,33,5,24,0,,,,
121,normal,,raw_scan_complete,68,63,100,89.9,0,0,0,0,0,0,2,13,18,35,,,,
123,normal,,raw_scan_complete,152,6,100,27.4,24,44,28,27,22,1,0,0,0,6,,,,
124,normal,,raw_scan_complete,99,32,93,72.2,0,0,0,8,0,4,38,19,27,3,,,,
137,normal,normal_v2,raw_scan_complete,303,0,76,34.5,69,51,12,52,35,32,7,45,0,0,,,,
138,normal,,raw_scan_complete,293,7,67,31.5,23,45,68,106,23,10,18,0,0,0,,,,
142,normal,,raw_scan_complete,39,59,94,74.6,0,0,0,0,0,4,5,20,9,1,,,,
145,normal,,raw_scan_complete,298,37,97,87.9,0,0,0,5,10,9,28,17,10,219,,,,
208,normal,,raw_scan_complete,104,32,96,67.8,0,0,0,6,7,15,27,31,12,6,,,,
215,normal,,raw_scan_complete,103,10,97,55.7,22,3,5,2,1,13,14,18,16,9,,,,
217,normal,,raw_scan_complete,272,28,85,61.9,0,0,7,26,38,57,52,43,49,0,,,,
221,normal,,raw_scan_complete,174,38,100,54.7,0,0,0,86,12,13,16,18,21,8,,,,
234,normal,,raw_scan_complete,187,70,100,98.2,0,0,0,0,0,0,1,7,8,171,,,,
237,normal,,raw_scan_complete,227,18,82,48.7,0,4,14,9,169,6,10,12,3,0,,,,
245,normal,,raw_scan_complete,145,54,97,65.1,0,0,0,0,0,86,11,27,14,7,,,,
265,normal,,raw_scan_complete,34,67,98,89.8,0,0,0,0,0,0,1,2,14,17,,,,
281,normal,,raw_scan_complete,273,20,89,69.9,0,1,17,15,17,16,9,191,7,0,,,,
309,normal,,raw_scan_complete,54,63,94,80.5,0,0,0,0,0,0,10,15,20,9,,,,
312,normal,,raw_scan_complete,122,55,87,73.8,0,0,0,0,0,8,32,57,25,0,,,,
373,normal,,raw_scan_complete,267,13,85,59.5,0,15,25,18,13,22,34,131,9,0,,,,
377,normal,,raw_scan_complete,242,7,95,66.6,9,27,19,25,9,6,6,6,7,128,,,,
384,normal,,raw_scan_complete,129,52,100,83.1,0,0,0,0,0,15,11,28,21,54,,,,
39,normal,normal_v2,raw_scan_complete,234,9,81,37.1,9,38,49,49,35,24,16,13,1,0,,,,
40,normal,normal_v2,raw_scan_complete,125,14,86,53.8,0,8,11,14,22,22,13,21,14,0,,,,
404,normal,,raw_scan_complete,78,44,94,70.4,0,0,0,0,5,5,47,6,0,15,,,,
406,normal,,raw_scan_complete,108,2,99,46.6,32,0,6,0,26,1,7,11,16,9,,,,
41,normal,normal_v2,raw_scan_complete,284,10,86,54.1,1,16,39,27,30,8,146,9,8,0,,,,
412,normal,,raw_scan_complete,59,65,98,78.3,0,0,0,0,0,0,26,7,12,14,,,,
42,normal,,raw_scan_complete,297,18,70,53.3,0,5,32,46,45,29,140,0,0,0,,,,
43,normal,,raw_scan_complete,132,33,88,68.9,0,0,0,8,2,15,39,47,21,0,,,,
446,normal,,raw_scan_complete,61,57,97,79.6,0,0,0,0,0,3,15,19,4,20,,,,
46,normal,,raw_scan_complete,129,26,87,59.0,0,0,6,19,19,21,24,24,16,0,,,,
47,normal,,raw_scan_complete,77,52,91,74.0,0,0,0,0,0,7,23,24,21,2,,,,
479,normal,,raw_scan_complete,114,54,95,80.0,0,0,0,0,0,4,10,41,48,11,,,,
49,normal,,raw_scan_complete,184,22,85,51.9,0,0,15,44,39,24,30,22,10,0,,,,
51,normal,,raw_scan_complete,38,38,86,66.4,0,0,0,2,7,2,8,13,6,0,,,,
75,normal,normal_v2,raw_scan_complete,187,21,95,61.5,0,0,3,12,26,45,45,40,10,6,,,,
76,normal,,raw_scan_complete,121,58,94,78.4,0,0,0,0,0,2,15,56,44,4,,,,
94,normal,normal_v2,raw_scan_complete,132,37,87,64.5,0,0,0,6,22,20,28,44,12,0,,,,
95,normal,,raw_scan_complete,147,37,88,66.0,0,0,0,3,12,28,48,39,17,0,,,,
99,normal,,raw_scan_complete,104,49,93,73.8,0,0,0,0,2,10,25,43,18,6,,,,
