batch_id,recording_id,source_mcap,lighting_domain,lighting_review_method,lighting_review_status
2026_09_28,45,2026_08_22-14_26_18_eye_45.mcap,DAY,manual_foxglove,completed
2026_09_28,50,2026_08_22-14_26_18_eye_50.mcap,DAY,manual_foxglove,completed
2026_09_28,52,2026_08_22-14_26_18_eye_52_night_mcaps.mcap,NIGHT,manual_foxglove,completed
2026_09_28,77,2026_08_22-14_26_18_eye_77_night_mcaps.mcap,NIGHT,manual_foxglove,completed
2026_09_28,98,2026_08_22-14_26_18_eye_98.mcap,DAY,manual_foxglove,completed
2026_09_28,112,2026_08_22-14_26_18_eye_112.mcap,DAY,manual_foxglove,completed
2026_09_28,139,2026_08_22-14_26_18_eye_139.mcap,DAY,manual_foxglove,completed
2026_09_28,140,2026_08_22-14_26_18_eye_140.mcap,DAY,manual_foxglove,completed
2026_09_28,141,2026_08_22-14_26_18_eye_141.mcap,DAY,manual_foxglove,completed
2026_09_28,206,2026_08_22-14_26_18_eye_206.mcap,DAY,manual_foxglove,completed
2026_09_28,212,2026_08_22-14_26_18_eye_212.mcap,DAY,manual_foxglove,completed
2026_09_28,214,2026_08_22-14_26_18_eye_214.mcap,DAY,manual_foxglove,completed
2026_09_28,216,2026_08_22-14_26_18_eye_216.mcap,DAY,manual_foxglove,completed
2026_09_28,219,2026_08_22-14_26_18_eye_219_night_mcaps.mcap,NIGHT,manual_foxglove,completed
2026_09_28,220,2026_08_22-14_26_18_eye_220_night_mcaps.mcap,NIGHT,manual_foxglove,completed
2026_09_28,256,2026_08_22-14_26_18_eye_256.mcap,DAY,manual_foxglove,completed
2026_09_28,257,2026_08_22-14_26_18_eye_257.mcap,DAY,manual_foxglove,completed
2026_09_28,260,2026_08_22-14_26_18_eye_260.mcap,DAY,manual_foxglove,completed
2026_09_28,263,2026_08_22-14_26_18_eye_263.mcap,DAY,manual_foxglove,completed
2026_09_28,264,2026_08_22-14_26_18_eye_264.mcap,DAY,manual_foxglove,completed
2026_09_28,280,2026_08_22-14_26_18_eye_280.mcap,DAY,manual_foxglove,completed
2026_09_28,305,2026_08_22-14_26_18_eye_305.mcap,DAY,manual_foxglove,completed
2026_09_28,308,2026_08_22-14_26_18_eye_308.mcap,DAY,manual_foxglove,completed
2026_09_28,378,2026_08_22-14_26_18_eye_378.mcap,DAY,manual_foxglove,completed
2026_09_28,401,2026_08_22-14_26_18_eye_401.mcap,DAY,manual_foxglove,completed
2026_09_28,402,2026_08_22-14_26_18_eye_402.mcap,DAY,manual_foxglove,completed
2026_09_28,421,2026_08_22-14_26_18_eye_421_night_mcaps.mcap,NIGHT,manual_foxglove,completed
2026_09_28,426,2026_08_22-14_26_18_eye_426.mcap,DAY,manual_foxglove,completed
2026_09_28,445,2026_08_22-14_26_18_eye_445_night_mcaps.mcap,NIGHT,manual_foxglove,completed
2026_09_28,456,2026_08_22-14_26_18_eye_456.mcap,DAY,manual_foxglove,completed
2026_09_28,462,2026_08_22-14_26_18_eye_462_night_mcaps.mcap,NIGHT,manual_foxglove,completed
2026_09_28,474,2026_08_22-14_26_18_eye_474.mcap,DAY,manual_foxglove,completed
